race,kind,arm,pseudo_wins,pseudo_games
Terran,opener,12Hatch,1,3
Terran,opener,12Pool,1,3
Terran,opener,3HatchBeforePool,2,3
Terran,opener,4Pool,1,3
Terran,opener,9Hatch,1,3
Terran,opener,9PoolSpeed,1,3
Terran,opener,Overpool,1,3
Protoss,opener,12Hatch,1,3
Protoss,opener,12Pool,1,3
Protoss,opener,3HatchBeforePool,1,3
Protoss,opener,4Pool,1,3
Protoss,opener,9Hatch,1,3
Protoss,opener,9PoolSpeed,1,3
Protoss,opener,Overpool,0,3
Zerg,opener,12Hatch,1,3
Zerg,opener,12Pool,1,3
Zerg,opener,4Pool,1,3
Zerg,opener,9Hatch,1,3
Zerg,opener,9PoolGasHatchSpeed8D,1,3
Zerg,opener,9PoolSpeed,1,3
Zerg,opener,Overpool,1,3
Unknown,opener,12Pool,0,3
Unknown,opener,4Pool,0,5
Unknown,opener,9PoolSpeed,0,3
Unknown,opener,Overpool,0,5
Terran,build,2HatchHydraZvT,1,3
Terran,build,2HatchMuta,1,3
Terran,build,3HatchLurker,1,3
Terran,build,CrazyZerg,0,5
Terran,build,SpeedlingT,1,3
Protoss,build,3HatchHydra,0,3
Protoss,build,3HatchMuta,1,3
Protoss,build,SpeedlingP,1,3
Zerg,build,1HatchSpire,1,3
Zerg,build,SpeedlingZ,1,3
Unknown,build,1HatchSpire,1,3
Unknown,build,2HatchMuta,0,5
Unknown,build,3HatchHydra,0,5
Unknown,build,3HatchLurker,0,3
Unknown,build,3HatchMuta,0,5
Unknown,build,CrazyZerg,0,5
Unknown,build,SpeedlingR,0,3
